_INTEGRATION,vital_status
TCGA-A1-A0SF-01,0
TCGA-A1-A0SH-01,0
TCGA-A1-A0SJ-01,0
TCGA-A1-A0SN-01,0
TCGA-A1-A0SO-01,0
TCGA-A1-A0SQ-01,0
TCGA-A2-A04N-01,0
TCGA-A2-A04P-01,1
TCGA-A2-A04Q-01,0
TCGA-A2-A04R-01,0
TCGA-A2-A04T-01,0
TCGA-A2-A04U-01,0
TCGA-A2-A04V-01,1
TCGA-A2-A04W-01,0
TCGA-A2-A04X-01,0
TCGA-A2-A04Y-01,0
TCGA-A2-A0CL-01,0
TCGA-A2-A0CM-01,1
TCGA-A2-A0CP-01,0
TCGA-A2-A0CQ-01,0
TCGA-A2-A0CS-01,1
TCGA-A2-A0CT-01,0
TCGA-A2-A0CU-01,1
TCGA-A2-A0CV-01,0
TCGA-A2-A0CW-01,0
TCGA-A2-A0CX-01,0
TCGA-A2-A0CZ-01,0
TCGA-A2-A0D0-01,0
TCGA-A2-A0D1-01,0
TCGA-A2-A0D2-01,0
TCGA-A2-A0D3-01,0
TCGA-A2-A0D4-01,0
TCGA-A2-A0EM-01,0
TCGA-A2-A0EN-01,0
TCGA-A2-A0EO-01,0
TCGA-A2-A0EQ-01,0
TCGA-A2-A0ER-01,0
TCGA-A2-A0ES-01,0
TCGA-A2-A0ET-01,0
TCGA-A2-A0EU-01,0
TCGA-A2-A0EV-01,0
TCGA-A2-A0EW-01,1
TCGA-A2-A0EX-01,0
TCGA-A2-A0EY-01,0
TCGA-A2-A0ST-01,0
TCGA-A2-A0SU-01,0
TCGA-A2-A0SV-01,1
TCGA-A2-A0SX-01,0
TCGA-A2-A0SY-01,0
TCGA-A2-A0T0-01,0
TCGA-A2-A0T1-01,0
TCGA-A2-A0T2-01,1
TCGA-A2-A0T3-01,0
TCGA-A2-A0T4-01,0
TCGA-A2-A0T5-01,0
TCGA-A2-A0T6-01,0
TCGA-A2-A0T7-01,0
TCGA-A2-A0YC-01,0
TCGA-A2-A0YD-01,0
TCGA-A2-A0YE-01,0
TCGA-A2-A0YF-01,0
TCGA-A2-A0YG-01,0
TCGA-A2-A0YH-01,0
TCGA-A2-A0YI-01,0
TCGA-A2-A0YJ-01,0
TCGA-A2-A0YK-01,0
TCGA-A2-A0YL-01,0
TCGA-A2-A0YM-01,0
TCGA-A2-A1FV-01,0
TCGA-A2-A1FW-01,0
TCGA-A2-A1FX-01,0
TCGA-A2-A1FZ-01,0
TCGA-A2-A1G0-01,0
TCGA-A2-A1G1-01,0
TCGA-A2-A1G4-01,0
TCGA-A2-A1G6-01,0
TCGA-A2-A259-01,0
TCGA-A2-A25A-01,0
TCGA-A2-A25B-01,0
TCGA-A2-A25C-01,0
TCGA-A2-A25D-01,0
TCGA-A2-A25E-01,0
TCGA-A2-A25F-01,0
TCGA-A7-A0CD-01,0
TCGA-A7-A0CE-01,0
TCGA-A7-A0CG-01,0
TCGA-A7-A0CH-01,0
TCGA-A7-A0CJ-01,0
TCGA-A7-A0D9-01,0
TCGA-A7-A0DA-01,0
TCGA-A7-A0DB-01,0
TCGA-A7-A13D-01,0
TCGA-A7-A13E-01,1
TCGA-A7-A13F-01,0
TCGA-A7-A13G-01,0
TCGA-A7-A26E-01,0
TCGA-A7-A26F-01,0
TCGA-A7-A26G-01,0
TCGA-A7-A26H-01,0
TCGA-A7-A26I-01,0
TCGA-A7-A26J-01,0
TCGA-A8-A06R-01,0
TCGA-A8-A06Y-01,0
TCGA-A8-A075-01,0
TCGA-A8-A076-01,0
TCGA-A8-A079-01,0
TCGA-A8-A07E-01,0
TCGA-A8-A07F-01,0
TCGA-A8-A07I-01,0
TCGA-A8-A07O-01,0
TCGA-A8-A07P-01,0
TCGA-A8-A082-01,0
TCGA-A8-A085-01,0
TCGA-A8-A086-01,0
TCGA-A8-A08G-01,0
TCGA-A8-A08X-01,0
TCGA-A8-A091-01,0
TCGA-A8-A095-01,0
TCGA-A8-A09I-01,0
TCGA-A8-A09M-01,0
TCGA-A8-A09R-01,0
TCGA-A8-A0A4-01,0
TCGA-AC-A23C-01,0
TCGA-AC-A23E-01,0
TCGA-AN-A03Y-01,0
TCGA-AN-A041-01,0
TCGA-AN-A049-01,0
TCGA-AN-A04A-01,0
TCGA-AN-A0AJ-01,0
TCGA-AN-A0AK-01,0
TCGA-AN-A0AL-01,0
TCGA-AN-A0AM-01,0
TCGA-AN-A0AR-01,0
TCGA-AN-A0AS-01,0
TCGA-AN-A0FD-01,0
TCGA-AN-A0FF-01,0
TCGA-AN-A0FJ-01,0
TCGA-AN-A0FK-01,0
TCGA-AN-A0FL-01,0
TCGA-AN-A0FN-01,0
TCGA-AN-A0FS-01,0
TCGA-AN-A0FT-01,0
TCGA-AN-A0FV-01,0
TCGA-AN-A0FW-01,0
TCGA-AN-A0FX-01,0
TCGA-AN-A0FY-01,0
TCGA-AN-A0FZ-01,0
TCGA-AN-A0G0-01,0
TCGA-AN-A0XL-01,0
TCGA-AN-A0XN-01,0
TCGA-AN-A0XO-01,0
TCGA-AN-A0XP-01,0
TCGA-AN-A0XR-01,0
TCGA-AN-A0XS-01,0
TCGA-AN-A0XT-01,0
TCGA-AN-A0XU-01,0
TCGA-AN-A0XV-01,0
TCGA-AN-A0XW-01,0
TCGA-AO-A03L-01,0
TCGA-AO-A03M-01,0
TCGA-AO-A03N-01,0
TCGA-AO-A03O-01,1
TCGA-AO-A03P-01,1
TCGA-AO-A03R-01,0
TCGA-AO-A03T-01,0
TCGA-AO-A03U-01,1
TCGA-AO-A03V-01,0
TCGA-AO-A0J2-01,0
TCGA-AO-A0J3-01,0
TCGA-AO-A0J4-01,0
TCGA-AO-A0J6-01,0
TCGA-AO-A0J7-01,0
TCGA-AO-A0J8-01,0
TCGA-AO-A0J9-01,0
TCGA-AO-A0JA-01,0
TCGA-AO-A0JB-01,0
TCGA-AO-A0JC-01,0
TCGA-AO-A0JD-01,0
TCGA-AO-A0JE-01,0
TCGA-AO-A0JF-01,0
TCGA-AO-A0JG-01,0
TCGA-AO-A0JI-01,0
TCGA-AO-A0JJ-01,0
TCGA-AO-A0JL-01,0
TCGA-AO-A0JM-01,0
TCGA-AO-A124-01,0
TCGA-AO-A125-01,0
TCGA-AO-A126-01,0
TCGA-AO-A128-01,0
TCGA-AO-A129-01,0
TCGA-AO-A12A-01,0
TCGA-AO-A12B-01,0
TCGA-AO-A12C-01,0
TCGA-AO-A12D-01,0
TCGA-AO-A12E-01,0
TCGA-AO-A12F-01,0
TCGA-AO-A12G-01,0
TCGA-AO-A12H-01,0
TCGA-AO-A1KO-01,0
TCGA-AO-A1KP-01,0
TCGA-AO-A1KQ-01,0
TCGA-AO-A1KS-01,0
TCGA-AO-A1KT-01,0
TCGA-AQ-A04H-01,0
TCGA-AQ-A04J-01,0
TCGA-AQ-A04L-01,0
TCGA-AQ-A0Y5-01,1
TCGA-AQ-A1H2-01,0
TCGA-AQ-A1H3-01,0
TCGA-AR-A0TP-01,0
TCGA-AR-A0TQ-01,0
TCGA-AR-A0TR-01,1
TCGA-AR-A0TS-01,0
TCGA-AR-A0TT-01,0
TCGA-AR-A0TU-01,0
TCGA-AR-A0TV-01,0
TCGA-AR-A0TX-01,0
TCGA-AR-A0TY-01,1
TCGA-AR-A0TZ-01,1
TCGA-AR-A0U0-01,0
TCGA-AR-A0U1-01,0
TCGA-AR-A0U2-01,1
TCGA-AR-A0U3-01,0
TCGA-AR-A0U4-01,0
TCGA-AR-A1AH-01,0
TCGA-AR-A1AI-01,0
TCGA-AR-A1AJ-01,0
TCGA-AR-A1AK-01,0
TCGA-AR-A1AL-01,0
TCGA-AR-A1AN-01,0
TCGA-AR-A1AO-01,0
TCGA-AR-A1AP-01,0
TCGA-AR-A1AQ-01,0
TCGA-AR-A1AR-01,1
TCGA-AR-A1AS-01,0
TCGA-AR-A1AU-01,0
TCGA-AR-A1AV-01,0
TCGA-AR-A1AW-01,0
TCGA-AR-A1AX-01,0
TCGA-AR-A1AY-01,0
TCGA-AR-A24H-01,0
TCGA-AR-A24K-01,0
TCGA-AR-A24L-01,1
TCGA-AR-A24M-01,0
TCGA-AR-A24N-01,0
TCGA-AR-A24O-01,0
TCGA-AR-A24P-01,0
TCGA-AR-A24Q-01,0
TCGA-AR-A24R-01,0
TCGA-AR-A24S-01,0
TCGA-AR-A24T-01,0
TCGA-AR-A24U-01,0
TCGA-AR-A24V-01,0
TCGA-AR-A24X-01,0
TCGA-AR-A24Z-01,0
TCGA-AR-A250-01,0
TCGA-AR-A251-01,0
TCGA-AR-A252-01,0
TCGA-AR-A254-01,0
TCGA-AR-A255-01,0
TCGA-AR-A256-01,1
TCGA-B6-A0I5-01,0
TCGA-B6-A0IA-01,0
TCGA-B6-A0IB-01,1
TCGA-B6-A0IJ-01,0
TCGA-B6-A0IK-01,1
TCGA-B6-A0IM-01,1
TCGA-B6-A0IO-01,0
TCGA-B6-A0IP-01,1
TCGA-B6-A0IQ-01,0
TCGA-B6-A0RG-01,0
TCGA-B6-A0RH-01,1
TCGA-B6-A0RI-01,0
TCGA-B6-A0RL-01,1
TCGA-B6-A0RN-01,0
TCGA-B6-A0RO-01,0
TCGA-B6-A0RP-01,1
TCGA-B6-A0RQ-01,1
TCGA-B6-A0RT-01,0
TCGA-B6-A0RU-01,0
TCGA-B6-A0RV-01,0
TCGA-B6-A0WT-01,0
TCGA-B6-A0WV-01,1
TCGA-B6-A0WX-01,1
TCGA-B6-A0WY-01,1
TCGA-B6-A0WZ-01,0
TCGA-B6-A0X0-01,1
TCGA-B6-A0X1-01,1
TCGA-B6-A0X4-01,1
TCGA-B6-A1KF-01,0
TCGA-B6-A1KI-01,0
TCGA-B6-A1KN-01,0
TCGA-BH-A0AU-01,0
TCGA-BH-A0AV-01,0
TCGA-BH-A0AW-01,0
TCGA-BH-A0AY-01,0
TCGA-BH-A0AZ-01,0
TCGA-BH-A0B0-01,0
TCGA-BH-A0B3-01,0
TCGA-BH-A0B4-01,0
TCGA-BH-A0B5-01,0
TCGA-BH-A0B7-01,0
TCGA-BH-A0B9-01,0
TCGA-BH-A0BA-01,0
TCGA-BH-A0BC-01,0
TCGA-BH-A0BF-01,1
TCGA-BH-A0BG-01,0
TCGA-BH-A0BJ-01,0
TCGA-BH-A0BL-01,0
TCGA-BH-A0BM-01,0
TCGA-BH-A0BO-01,0
TCGA-BH-A0BP-01,1
TCGA-BH-A0BQ-01,0
TCGA-BH-A0BR-01,0
TCGA-BH-A0BS-01,0
TCGA-BH-A0BT-01,0
TCGA-BH-A0BV-01,0
TCGA-BH-A0BW-01,0
TCGA-BH-A0BZ-01,0
TCGA-BH-A0C0-01,0
TCGA-BH-A0C1-01,1
TCGA-BH-A0C3-01,0
TCGA-BH-A0C7-01,0
TCGA-BH-A0DD-01,0
TCGA-BH-A0DG-01,0
TCGA-BH-A0DH-01,0
TCGA-BH-A0DI-01,0
TCGA-BH-A0DK-01,0
TCGA-BH-A0DL-01,0
TCGA-BH-A0DO-01,0
TCGA-BH-A0DP-01,0
TCGA-BH-A0DQ-01,0
TCGA-BH-A0DS-01,0
TCGA-BH-A0DT-01,0
TCGA-BH-A0DV-01,0
TCGA-BH-A0DZ-01,0
TCGA-BH-A0E0-01,0
TCGA-BH-A0E1-01,0
TCGA-BH-A0E2-01,0
TCGA-BH-A0E6-01,0
TCGA-BH-A0E7-01,0
TCGA-BH-A0E9-01,0
TCGA-BH-A0EA-01,1
TCGA-BH-A0EE-01,0
TCGA-BH-A0EI-01,0
TCGA-BH-A0GY-01,0
TCGA-BH-A0GZ-01,0
TCGA-BH-A0H0-01,0
TCGA-BH-A0H3-01,0
TCGA-BH-A0H5-01,0
TCGA-BH-A0H6-01,0
TCGA-BH-A0H7-01,0
TCGA-BH-A0H9-01,0
TCGA-BH-A0HA-01,0
TCGA-BH-A0HB-01,0
TCGA-BH-A0HI-01,0
TCGA-BH-A0HK-01,0
TCGA-BH-A0HN-01,0
TCGA-BH-A0HO-01,0
TCGA-BH-A0HP-01,0
TCGA-BH-A0HQ-01,0
TCGA-BH-A0HU-01,0
TCGA-BH-A0HW-01,0
TCGA-BH-A0HX-01,0
TCGA-BH-A0HY-01,0
TCGA-BH-A0RX-01,0
TCGA-BH-A0W5-01,0
TCGA-BH-A18F-01,0
TCGA-BH-A18G-01,0
TCGA-BH-A18H-01,0
TCGA-BH-A18I-01,0
TCGA-BH-A18U-01,1
TCGA-BH-A1EY-01,1
TCGA-C8-A12L-01,0
TCGA-C8-A12M-01,0
TCGA-C8-A12N-01,0
TCGA-C8-A12O-01,0
TCGA-C8-A12P-01,0
TCGA-C8-A12Q-01,1
TCGA-C8-A12T-01,0
TCGA-C8-A12U-01,0
TCGA-C8-A12V-01,0
TCGA-C8-A12W-01,0
TCGA-C8-A12X-01,0
TCGA-C8-A12Z-01,0
TCGA-C8-A130-01,0
TCGA-C8-A131-01,0
TCGA-C8-A132-01,0
TCGA-C8-A133-01,0
TCGA-C8-A134-01,0
TCGA-C8-A135-01,0
TCGA-C8-A137-01,0
TCGA-C8-A138-01,0
TCGA-C8-A1HE-01,0
TCGA-C8-A1HF-01,0
TCGA-C8-A1HG-01,0
TCGA-C8-A1HI-01,0
TCGA-C8-A1HJ-01,0
TCGA-C8-A1HK-01,0
TCGA-C8-A1HL-01,0
TCGA-C8-A1HM-01,0
TCGA-C8-A1HN-01,0
TCGA-C8-A1HO-01,0
TCGA-C8-A26V-01,0
TCGA-C8-A26W-01,0
TCGA-C8-A26X-01,0
TCGA-C8-A26Y-01,0
TCGA-C8-A26Z-01,0
TCGA-C8-A273-01,0
TCGA-C8-A274-01,0
TCGA-C8-A278-01,0
TCGA-C8-A27A-01,0
TCGA-C8-A27B-01,0
TCGA-D8-A13Y-01,0
TCGA-D8-A13Z-01,0
TCGA-D8-A140-01,0
TCGA-D8-A142-01,0
TCGA-D8-A143-01,0
TCGA-D8-A145-01,0
TCGA-D8-A146-01,0
TCGA-D8-A147-01,0
TCGA-D8-A1J8-01,0
TCGA-D8-A1J9-01,0
TCGA-D8-A1JA-01,0
TCGA-D8-A1JB-01,0
TCGA-D8-A1JC-01,0
TCGA-D8-A1JD-01,0
TCGA-D8-A1JE-01,0
TCGA-D8-A1JF-01,0
TCGA-D8-A1JG-01,0
TCGA-D8-A1JH-01,0
TCGA-D8-A1JI-01,0
TCGA-D8-A1JJ-01,0
TCGA-D8-A1JK-01,0
TCGA-D8-A1JL-01,0
TCGA-D8-A1JM-01,0
TCGA-D8-A1JN-01,0
TCGA-D8-A1JP-01,0
TCGA-D8-A1JS-01,0
TCGA-D8-A1JT-01,0
TCGA-D8-A1JU-01,0
TCGA-D8-A1X5-01,0
TCGA-D8-A1X6-01,0
TCGA-D8-A1X7-01,0
TCGA-D8-A1X8-01,0
TCGA-D8-A1X9-01,0
TCGA-D8-A1XA-01,0
TCGA-D8-A1XB-01,0
TCGA-D8-A1XC-01,1
TCGA-D8-A1XD-01,0
TCGA-D8-A1XF-01,0
TCGA-D8-A1XG-01,0
TCGA-D8-A1XJ-01,0
TCGA-D8-A1XK-01,0
TCGA-D8-A1XL-01,0
TCGA-D8-A1XM-01,0
TCGA-D8-A1XO-01,0
TCGA-D8-A1XQ-01,0
TCGA-D8-A1XR-01,0
TCGA-D8-A1XS-01,0
TCGA-D8-A1XT-01,0
TCGA-D8-A1XU-01,0
TCGA-D8-A1XV-01,0
TCGA-D8-A1XW-01,0
TCGA-D8-A1XY-01,0
TCGA-D8-A1XZ-01,0
TCGA-D8-A1Y0-01,0
TCGA-D8-A1Y1-01,1
TCGA-D8-A1Y2-01,0
TCGA-D8-A1Y3-01,0
TCGA-D8-A27E-01,0
TCGA-D8-A27F-01,0
TCGA-D8-A27G-01,0
TCGA-D8-A27H-01,0
TCGA-D8-A27I-01,0
TCGA-D8-A27K-01,0
TCGA-D8-A27L-01,0
TCGA-D8-A27M-01,0
TCGA-D8-A27N-01,0
TCGA-D8-A27P-01,0
TCGA-D8-A27R-01,0
TCGA-D8-A27T-01,0
TCGA-D8-A27V-01,0
TCGA-D8-A27W-01,0
TCGA-E2-A105-01,0
TCGA-E2-A107-01,0
TCGA-E2-A108-01,0
TCGA-E2-A109-01,0
TCGA-E2-A10A-01,0
TCGA-E2-A10B-01,0
TCGA-E2-A10C-01,0
TCGA-E2-A10E-01,0
TCGA-E2-A10F-01,0
TCGA-E2-A14N-01,0
TCGA-E2-A14O-01,0
TCGA-E2-A14P-01,0
TCGA-E2-A14Q-01,0
TCGA-E2-A14R-01,0
TCGA-E2-A14S-01,0
TCGA-E2-A14T-01,0
TCGA-E2-A14V-01,0
TCGA-E2-A14W-01,0
TCGA-E2-A14X-01,0
TCGA-E2-A14Y-01,0
TCGA-E2-A14Z-01,1
TCGA-E2-A150-01,0
TCGA-E2-A152-01,0
TCGA-E2-A153-01,0
TCGA-E2-A154-01,0
TCGA-E2-A155-01,0
TCGA-E2-A156-01,0
TCGA-E2-A158-01,0
TCGA-E2-A159-01,0
TCGA-E2-A15A-01,0
TCGA-E2-A15C-01,0
TCGA-E2-A15D-01,0
TCGA-E2-A15E-01,0
TCGA-E2-A15F-01,0
TCGA-E2-A15G-01,0
TCGA-E2-A15H-01,0
TCGA-E2-A15I-01,0
TCGA-E2-A15J-01,0
TCGA-E2-A15K-01,0
TCGA-E2-A15L-01,0
TCGA-E2-A15M-01,1
TCGA-E2-A15O-01,0
TCGA-E2-A15P-01,0
TCGA-E2-A15R-01,0
TCGA-E2-A15S-01,0
TCGA-E2-A15T-01,0
TCGA-E2-A1AZ-01,0
TCGA-E2-A1B0-01,0
TCGA-E2-A1B1-01,0
TCGA-E2-A1B4-01,1
TCGA-E2-A1B5-01,0
TCGA-E2-A1B6-01,0
TCGA-E2-A1BC-01,0
TCGA-E2-A1BD-01,0
TCGA-E2-A1IE-01,0
TCGA-E2-A1IF-01,0
TCGA-E2-A1IG-01,0
TCGA-E2-A1IH-01,0
TCGA-E2-A1II-01,0
TCGA-E2-A1IJ-01,0
TCGA-E2-A1IK-01,0
TCGA-E2-A1IL-01,0
TCGA-E2-A1IN-01,0
TCGA-E2-A1IO-01,0
TCGA-E2-A1IU-01,0
TCGA-E2-A1L6-01,0
TCGA-E2-A1L7-01,0
TCGA-E2-A1L8-01,0
TCGA-E2-A1L9-01,0
TCGA-E2-A1LA-01,0
TCGA-E2-A1LB-01,0
TCGA-E2-A1LG-01,0
TCGA-E2-A1LH-01,0
TCGA-E2-A1LK-01,1
TCGA-E2-A1LL-01,0
TCGA-E2-A1LS-01,0
TCGA-E9-A1N3-01,0
TCGA-E9-A1N4-01,0
TCGA-E9-A1N5-01,0
TCGA-E9-A1N6-01,1
TCGA-E9-A1N8-01,0
TCGA-E9-A1N9-01,0
TCGA-E9-A1NA-01,0
TCGA-E9-A1ND-01,0
TCGA-E9-A1NE-01,0
TCGA-E9-A1NF-01,1
TCGA-E9-A1NG-01,1
TCGA-E9-A1NH-01,0
TCGA-E9-A1NI-01,0
TCGA-E9-A1QZ-01,0
TCGA-E9-A1R2-01,0
TCGA-E9-A1R3-01,0
TCGA-E9-A1R4-01,0
TCGA-E9-A1R5-01,0
TCGA-E9-A1R6-01,0
TCGA-E9-A1R7-01,0
TCGA-E9-A1RB-01,1
TCGA-E9-A1RC-01,0
TCGA-E9-A1RE-01,0
TCGA-E9-A1RF-01,0
TCGA-E9-A1RG-01,0
TCGA-E9-A1RH-01,0
TCGA-E9-A1RI-01,0
TCGA-E9-A226-01,1
TCGA-E9-A227-01,0
TCGA-E9-A228-01,0
TCGA-E9-A229-01,0
TCGA-E9-A22A-01,0
TCGA-E9-A22B-01,0
TCGA-E9-A22D-01,0
TCGA-E9-A22E-01,0
TCGA-E9-A22G-01,0
TCGA-E9-A22H-01,0
TCGA-E9-A243-01,0
TCGA-E9-A244-01,0
TCGA-E9-A245-01,1
TCGA-E9-A247-01,0
TCGA-E9-A248-01,0
TCGA-E9-A249-01,0
TCGA-E9-A24A-01,0
TCGA-EW-A1IW-01,0
TCGA-EW-A1IX-01,0
TCGA-EW-A1IY-01,0
TCGA-EW-A1IZ-01,0
TCGA-EW-A1J1-01,0
TCGA-EW-A1J2-01,0
TCGA-EW-A1J3-01,0
TCGA-EW-A1J5-01,0
TCGA-EW-A1J6-01,0
TCGA-EW-A1OV-01,0
TCGA-EW-A1OW-01,0
TCGA-EW-A1OX-01,0
TCGA-EW-A1OY-01,0
TCGA-EW-A1OZ-01,0
TCGA-EW-A1P0-01,0
TCGA-EW-A1P1-01,0
TCGA-EW-A1P3-01,0
TCGA-EW-A1P4-01,0
TCGA-EW-A1P5-01,0
TCGA-EW-A1P6-01,0
TCGA-EW-A1P7-01,0
TCGA-EW-A1P8-01,1
TCGA-EW-A1PA-01,0
TCGA-EW-A1PB-01,0
TCGA-EW-A1PD-01,0
TCGA-EW-A1PE-01,0
TCGA-EW-A1PG-01,0
TCGA-EW-A1PH-01,0
